[
  {
    "id": "To-test-and-verify-a-game",
    "name": "To test and verify a game",
    "description": "",
    "line": 2,
    "keyword": "Feature",
    "tags": [
      {
        "name": "@sprint11",
        "line": 1
      }
    ],
    "uri": "C:\\AutomationFramework\\quickspin\\QuickSpin\\bdd\\features\\feature\\features\\ft_assignment.feature",
    "elements": [
      {
        "name": "To test and verify that the user is able to launch the game",
        "id": "To-test-and-verify-a-game;to-test-and-verify-that-the-user-is-able-to-launch-the-game",
        "line": 37,
        "keyword": "Scenario",
        "description": "",
        "type": "scenario",
        "tags": [
          {
            "name": "@sprint1",
            "line": 36
          }
        ],
        "steps": [
          {
            "name": "open the quickspin site to play game",
            "line": 39,
            "keyword": "Given ",
            "result": {
              "status": "passed",
              "duration": 6242511
            },
            "match": {
              "location": "C:\\AutomationFramework\\quickspin\\QuickSpin\\bdd\\features\\feature\\step_definitions\\common_Stepdef.js:24"
            }
          },
          {
            "name": "User click on \"HomePage_Game\"",
            "line": 40,
            "keyword": "When ",
            "result": {
              "status": "passed",
              "duration": 12066710528
            },
            "match": {
              "location": "C:\\AutomationFramework\\quickspin\\QuickSpin\\bdd\\features\\feature\\step_definitions\\common_Stepdef.js:30"
            }
          },
          {
            "name": "User click on \"GamePage_PlayButton\"",
            "line": 41,
            "keyword": "And ",
            "result": {
              "status": "passed",
              "duration": 5376926387
            },
            "match": {
              "location": "C:\\AutomationFramework\\quickspin\\QuickSpin\\bdd\\features\\feature\\step_definitions\\common_Stepdef.js:30"
            }
          },
          {
            "name": "User wait for \"30\" second",
            "line": 42,
            "keyword": "And ",
            "result": {
              "status": "passed",
              "duration": 33026310
            },
            "match": {
              "location": "C:\\AutomationFramework\\quickspin\\QuickSpin\\bdd\\features\\feature\\step_definitions\\common_Stepdef.js:60"
            }
          },
          {
            "keyword": "After ",
            "hidden": true,
            "result": {
              "status": "passed",
              "duration": 508560
            },
            "match": {
              "location": "C:\\AutomationFramework\\quickspin\\QuickSpin\\bdd\\features\\additional_utilities\\failed-image.js:3"
            }
          }
        ]
      }
    ]
  }
]